preheat,5
oven,8
line,3
cup,2
cupcake,2
pan,14
paper,5
linersin,1
medium,6
bowl,12
whisk,5
together,3
cups,1
flour,8
baking,10
powder,2
soda,2
salt,7
small,3
saucepan,4
heat,7
milk,5
orange,3
zest,3
low,6
hot,1
boiling,4
cool,7
lukewarm,1
minutes,22
stir,2
vanillain,1
stand,2
mixer,4
fitted,3
paddle,2
attachment,3
beat,6
butter,7
sugar,5
mediumhigh,2
speed,9
light,2
fluffy,2
reduce,4
mediumlow,1
add,16
egg,3
whites,1
one,2
time,3
creamy,1
slowly,1
half,1
mixture,6
remaining,4
beating,1
blended,3
after,1
each,3
addition,1
toss,3
cranberries,2
tablespoon,2
using,5
silicone,1
spatula,1
gently,1
fold,1
batterdivide,1
batter,2
evenly,1
among,1
liners,1
bake,6
tops,2
dry,2
touch,2
some,1
may,2
slightly,2
golden,2
sides,4
before,4
this,1
happens,1
toothpick,2
inserted,2
center,3
comes,2
out,6
clean,2
transfer,7
wire,2
rack,4
completely,4
frosting,4
frostingbutter,1
two,2
inch,6
round,4
cake,8
pans,3
bottoms,1
parchment,4
cut,7
fit,1
coating,1
bottom,2
tap,1
excess,1
divide,1
between,1
start,1
pull,1
away,1
generally,1
amount,1
recipe,1
let,2
remove,3
its,1
discard,1
set,3
layer,3
turntable,1
final,1
serving,1
platter,2
frost,2
top,6
stack,1
second,1
frostingin,1
gradually,1
confectioners,1
incorporated,2
increase,2
juice,1
vanilla,1
fully,1
making,1
sure,1
incorporate,1
too,1
much,1
air,1
sift,1
large,8
mixing,3
pastry,1
blender,1
shortening,1
texture,1
coarse,2
meal,2
buttermilk,1
yeast,1
briskly,1
fork,1
forms,1
soft,1
dough,5
turn,1
onto,2
wellfloured,2
surface,2
floured,3
hands,1
knead,1
lightly,4
minute,1
rolling,1
pin,1
roll,2
thick,1
cutter,2
rounds,2
place,2
ungreased,1
sheets,4
spacing,1
inches,3
apart,2
gather,1
scraps,3
reroll,2
lower,2
third,1
biscuits,1
nicely,1
puffed,1
pale,1
tan,1
serve,2
once,1
plenty,1
middlepulse,1
almonds,1
matzo,1
food,1
processor,1
finely,1
ground,1
combined,1
press,1
side,2
springform,2
crust,3
firm,1
shade,1
darker,1
rackreduce,1
temperature,1
fbeat,1
cream,2
cheese,2
electric,2
smooth,4
eggs,1
mix,2
vanillaput,1
shallow,2
pour,2
filling,5
cooled,2
edge,2
wobbly,1
continue,1
cools,1
immediately,1
run,1
knife,1
around,1
hours,3
black,1
pepper,2
cayenne,1
cheddar,1
do,2
overmix,1
shape,1
disk,1
wrap,2
plastic,1
waxed,1
chill,1
minutesarrange,1
racks,2
upper,1
thirds,1
paperon,1
inchthick,1
arrange,2
desired,1
rerolled,1
tougherbake,1
shortbread,1
beginning,1
brown,1
edges,1
chicken,6
combine,1
ingredients,2
coat,1
refrigerate,1
covered,1
cooking,1
roasting,1
marinade,1
basting,1
frequently,1
hour,1
strain,1
juices,1
boil,2
thickened,1
drizzle,1
sauce,2
sprinkle,2
scallions,1
scallion,1
mashed,2
potatoes,5
first,1
bison,7
pot,6
bacon,2
cook,5
crisp,1
towels,1
tablespoons,1
oil,2
working,1
batches,1
browned,3
adding,1
more,1
tablespoonfuls,1
needed,1
return,2
chopped,1
onion,1
carrot,1
celery,1
garlic,1
cover,4
vegetables,1
soften,1
stirring,3
occasionally,3
wine,1
bring,1
scraping,1
bits,1
broth,1
tomatoes,1
bay,1
leaves,1
thyme,1
sage,1
reserved,1
simmer,2
tender,3
beef,1
take,1
hoursmeanwhile,1
pearl,2
onions,2
salted,2
water,4
ice,1
trim,1
peeltransfer,1
rimmed,1
sheet,1
meat,3
off,1
bones,1
cubes,1
parsnips,1
turnips,1
season,1
peppercook,1
drain,1
almost,1
rice,1
teaspoon,2
eggpreheat,1
spoon,2
quart,1
xxinch,1
dish,1
completelybeat,1
blend,1
brush,1
ahead,2
made,1
day,1
chillbake,1
pie,2
heated,1
through,1
chilled,1
rest,1
minutestry,1
fullbodied,1
red,1
like,1
auguste,1
bessac,1
crozeshermitage,1
france,1
shepherds,1
