prepare,4
grill,25
zone,1
heat,18
charcoal,4
bank,1
twothirds,2
coals,4
scatter,1
remaining,14
area,1
gas,2
set,4
one,3
burner,1
mediumlow,1
burners,1
mediumhigh,4
heatpure,1
sour,3
cream,3
cilantro,2
mayonnaise,2
jalapeo,4
lime,3
juice,9
salt,13
blender,1
smooth,3
chill,2
ready,3
usedo,1
ahead,3
sauce,6
made,2
day,2
keep,3
chilledwhisk,1
oil,16
garlic,3
honey,1
large,5
bowltoss,1
shrimp,2
chili,1
powder,2
tsp,2
medium,9
bowlgrill,1
cabbage,2
wedges,3
direct,2
turning,8
occasionally,2
deeply,1
charred,7
cut,4
surfaces,1
crisptender,3
minutes,23
transfer,14
cutting,4
board,4
let,10
cool,6
slightlymeanwhile,2
sausages,2
indirect,4
often,3
nicely,2
cooked,5
through,3
platter,6
cover,4
kitchen,1
towel,1
warmlightly,1
grate,6
place,8
asparagus,1
onto,2
orienting,1
perpendicular,1
so,2
they,3
dont,2
fall,1
gaps,1
lightly,7
bowl,5
dressing,5
toss,4
coat,4
alongside,2
leaving,2
bowloil,1
again,2
needed,3
sausageslice,1
lengthwise,1
thick,2
strips,1
season,7
add,8
platterserve,1
combine,2
quinoa,5
cup,8
water,2
small,3
saucepan,1
lid,2
bring,3
boil,1
pot,1
lower,1
slowest,1
possible,2
simmer,1
diffuser,1
underneath,1
youll,3
uncover,1
fluff,1
fork,1
aside,1
meanwhile,1
sweet,4
potato,3
rounds,2
inches,1
steam,1
cook,12
boiling,1
forksoft,1
comfortable,1
handle,3
strip,1
off,2
discard,3
peels,1
food,1
processor,1
chickpeas,1
ginger,1
scallions,4
teaspoon,1
cumin,1
tablespoons,3
lemon,6
process,1
reasonably,1
blended,1
doesnt,1
need,3
completely,1
mixture,6
sprinkle,4
flour,1
stir,3
disappears,1
gently,1
fold,1
green,1
peas,2
peanuts,2
using,7
taste,2
see,3
needs,1
more,2
few,2
big,1
pinches,1
crushed,1
red,1
pepper,5
flakes,1
skillet,5
minute,2
scant,1
tablespoon,1
swirl,1
pan,8
little,1
longer,2
hot,6
enough,2
instantly,1
sizzle,1
dot,1
turn,3
low,2
use,2
nonsticksprayed,1
measure,1
scoopshape,1
batter,3
uniformly,1
carefully,2
many,1
burgers,3
fit,1
single,1
layer,1
oiled,2
knocking,1
assertively,1
against,1
side,6
back,4
spoon,2
release,1
top,5
surface,1
dinner,1
knife,1
crisp,3
evenly,1
push,1
sides,3
help,1
their,1
shape,2
golden,3
brown,2
bottom,1
cooking,3
okjust,1
hotter,1
sugar,1
content,1
potatoes,1
causes,1
burn,1
easily,1
higher,1
temperatures,1
spatula,1
thin,1
blade,1
loosen,1
each,5
burger,1
flip,1
adding,1
pushing,1
slump,1
break,1
second,1
bottoms,1
browned,2
continue,2
batches,1
has,1
been,1
used,1
serve,2
warmtoasted,1
steamed,1
yogurt,1
raita,1
salsa,1
verde,1
drizzle,2
pomegranate,1
molasses,1
trim,1
rack,2
ribs,23
your,5
butcher,1
do,1
this,2
nonreactive,1
roasting,1
pour,1
cider,2
squeeze,3
lemons,4
catching,1
seeds,4
fingers,3
couple,1
time,1
marinade,1
desired,1
marinate,1
refrigerator,2
covered,3
hours,6
several,2
times,1
drain,1
blot,1
dry,2
paper,1
towels,1
rub,5
both,1
patting,1
meat,3
stand,2
grilling,3
preheat,4
drip,1
center,2
wood,3
chips,3
smoker,4
box,1
pouch,1
high,1
smoke,2
reduce,1
away,1
after,3
spray,2
apple,1
every,2
half,3
hour,3
brush,4
fresh,1
per,3
before,4
done,1
fully,1
shrunk,1
bones,1
inch,2
tender,3
tear,1
apart,1
overcook,1
should,1
some,2
chew,1
start,1
out,3
wrap,1
aluminum,1
foil,1
last,1
plates,1
barbecue,2
rest,2
sideyou,1
also,1
fthis,1
wonderful,1
way,2
baby,1
case,1
allow,1
middle,1
oven,3
ovenproof,1
preferably,1
cast,1
iron,1
bell,3
peppers,5
two,1
blistered,2
spots,1
arent,1
trying,1
get,1
color,1
slightly,1
reserve,1
upright,1
slice,1
working,1
around,1
stem,1
cuts,1
pull,1
along,1
stems,1
repeat,1
peppersreturn,1
shallot,1
chile,2
thyme,4
sprigs,3
generously,2
black,2
chicken,4
cavity,2
skin,2
tbsp,5
roast,1
instantread,1
thermometer,1
inserted,1
thickest,1
part,2
breast,1
registers,1
remove,1
careful,1
transferring,1
carvingjust,1
serving,1
clean,1
grease,1
olive,3
vegetable,1
heatseason,1
insides,1
outsides,1
fish,5
oilgrate,1
zest,3
oranges,2
zests,1
fill,1
citrus,1
slices,1
basil,1
leaves,2
zestandjuice,1
sink,1
bottomput,1
heated,1
closed,1
note,1
longerwhile,1
still,1
bitter,1
behind,1
once,1
slightlyslice,1
open,1
scrape,1
unless,1
like,1
things,1
spicy,1
coarsely,1
chop,1
mix,1
olives,1
pistachios,1
vinegar,1
pepperdressing,1
room,1
temperature,1
servingmix,1
sesame,1
pitas,5
eggplants,4
moving,1
cooler,1
avoid,1
scorching,1
halloumi,2
soft,1
eggplantstear,1
chunky,1
pieces,2
bitesize,1
cucumbers,1
tomatoes,1
give,1
everything,1
good,1
together,1
mint,1
dill,1
corn,1
total,1
slightlyspread,1
ear,1
cheese,1
