combine,2
lime,3
juice,1
garlic,1
agave,1
sugar,1
salt,2
large,2
bowl,4
whisk,1
blend,1
keep,1
whisking,1
drizzle,1
oil,1
completely,1
incorporated,1
set,1
aside,1
place,1
colander,5
plate,3
next,1
stove,2
pair,1
tongs,4
spider,1
skimmer,3
handy,1
coconut,3
milk,2
water,2
medium,1
saucepan,1
bring,1
boil,1
add,4
noodles,2
cook,2
exactly,1
minutes,2
best,1
use,4
timer,1
lift,3
out,1
leaving,2
pot,1
heat,1
transfer,2
they,1
noticeably,1
dente,1
shake,1
drain,2
dry,1
directly,1
marinade,1
turn,1
andor,2
fork,2
get,1
coated,1
return,1
emptied,1
near,1
green,2
beans,2
simmering,1
watercoconut,1
mixture,3
tender,1
save,1
broth,1
make,1
little,1
soup,1
snack,1
yourself,1
its,1
ok,1
theyre,1
still,1
hot,1
along,1
pickled,1
red,1
onions,2
noodle,1
mixing,1
gently,1
combined,1
grab,1
their,1
liquid,1
behind,1
let,1
salad,2
cool,1
room,1
temperature,1
cucumber,1
carrot,1
cover,1
chill,1
serving,2
time,2
optimal,1
marinatingchilling,1
hours,1
stir,1
mango,1
mint,1
most,1
cashews,2
shortly,1
before,1
serve,1
topped,1
remaining,1
combination,1
enhancementsminced,1
jalapeo,1
scattered,1
through,1
touch,1
zest,1
mixed,1
give,1
more,1
zing,1
wedges,1
toasted,1
unsweetened,1
top,2
minced,1
fresh,1
basil,1
regular,1
thai,1
cilantro,1
chili,1
paste,1
sriracha,1
side,1
toss,2
ingredients,2
separate,1
mix,1
dressing,2
pour,1
again,1
season,1
pepper,1
taste,1
