preheat,4
oven,9
line,2
baking,12
sheet,5
parchment,3
paper,3
set,2
asidecook,1
potato,3
microwave,1
boiling,1
water,1
almost,1
forktender,1
see,1
cooks,1
note,1
let,2
cool,6
completely,1
using,5
paring,1
knife,2
peel,2
shred,1
box,1
graterin,1
large,4
mixing,2
bowl,9
combine,2
flour,4
powder,3
soda,2
salt,3
pepper,1
add,7
cold,1
butter,7
cut,3
knives,1
pastry,1
blender,1
masher,1
your,4
hands,2
dough,4
resembles,1
coarse,1
crumbs,1
size,1
peas,1
fold,4
cheese,1
chives,1
shredded,1
potatoadd,1
buttermilk,2
stir,2
wooden,1
spoon,2
comes,4
together,3
itll,1
sticky,1
dont,1
panic,1
transfer,2
wellfloured,1
work,2
surface,2
knead,1
few,2
times,3
smooth,4
out,4
onto,1
itself,1
turning,1
clockwise,1
after,2
each,3
pat,1
its,2
inch,2
thickuse,1
round,1
cookie,1
biscuit,1
cutter,1
rounds,1
place,4
biscuits,2
prepared,2
pan,9
barely,1
touching,1
other,1
gather,1
scraps,1
repeat,3
patting,1
cutting,1
should,2
brush,2
melted,1
bake,6
golden,2
brown,5
minutes,9
before,1
serving,1
store,1
leftovers,1
airtight,1
container,1
refrigerator,1
days,1
rimmed,2
pumpkin,5
side,1
down,4
tender,1
hour,2
coolscoop,1
flesh,1
processor,2
discard,1
skin,1
cinnamon,5
ginger,1
teaspoon,1
nutmeg,2
small,2
half,1
mixture,4
sugar,6
eggs,4
milk,4
cream,2
cornstarch,1
vanilla,1
process,2
do,1
ahead,2
filling,2
made,1
day,1
cover,1
chillincrease,1
temperature,2
lightly,2
inchdiameter,1
tart,2
removable,1
bottom,1
heat,1
tablespoons,2
remaining,4
mixturelay,1
phyllo,7
clean,3
keep,1
sheets,3
covered,1
plastic,1
wrap,1
damp,1
towel,1
prevent,1
drying,1
sprinkle,3
scant,1
teaspoonful,1
arrange,2
stacked,2
gently,1
pressing,1
allowing,1
long,1
sides,3
hang,1
edge,2
layering,1
crosswise,1
atop,1
first,1
so,1
overhanging,1
corners,1
point,1
opposite,1
directions,1
roll,1
overhang,1
form,1
crust,1
pour,1
panplace,1
pie,1
hot,1
reduce,1
tester,2
inserted,3
center,3
least,2
grate,1
serve,2
warm,2
position,1
rack,2
lower,1
third,1
prepare,1
directedin,1
medium,1
whisk,1
sifted,1
spices,1
asideadd,1
granulated,1
electric,2
mixer,3
crumble,1
dark,1
breaking,1
clumps,1
fingers,1
oil,1
beat,4
blended,2
scrape,2
beaterwith,1
lowest,1
speed,1
alternately,2
juice,1
dry,2
ingredients,2
everything,1
seconds,1
longer,1
batter,3
creamyscoop,1
time,2
indicated,1
altitude,1
chart,1
cake,8
has,1
risen,1
springy,1
touch,1
cracked,1
top,6
minutesslide,1
around,1
tube,1
release,1
foilcovered,1
cardboard,1
disk,1
flat,1
plate,1
invert,1
lift,1
off,2
used,1
completelywhisk,1
creamy,1
drop,1
more,1
necessary,1
glaze,5
soft,2
slightly,1
runny,1
liquefied,1
consistency,1
use,1
soon,1
preparedspread,1
letting,1
drip,1
still,1
nuts,1
desired,1
hardens,1
dries,1
xxinch,1
dish,2
rhubarb,2
pieces,1
even,1
layer,1
scatter,1
waterwhisk,1
blend,2
pale,1
fluffy,1
one,1
beating,1
between,1
additions,3
addition,1
smoothing,1
coverbake,1
dessert,1
toothpick,1
softly,1
whipped,1
